id,name,year,plot
tt0468569,The Dark Knight,2008,"When the menace known as the Joker wreaks havoc and chaos on the people of Gotham, Batman must accept one of the greatest psychological and physical tests of his ability to fight injustice."
tt0038650,It's a Wonderful Life,1946,An angel is sent from Heaven to help a desperately frustrated businessman by showing him what life would have been like if he had never existed.
tt7466810,777 Charlie,2022,Dharma is stuck in a rut with his negative and lonely lifestyle and spends each day in the comfort of his loneliness. A pup named Charlie enters his life and gives him a new perspective towards it.
tt0110357,The Lion King,1994,"Lion prince Simba and his father are targeted by his bitter uncle, who wants to ascend the throne himself."
tt0109830,Forrest Gump,1994,"The history of the United States from the 1950s to the '70s unfolds from the perspective of an Alabama man with an IQ of 75, who yearns to be reunited with his childhood sweetheart."
tt0108052,Schindler's List,1993,"In German-occupied Poland during World War II, industrialist Oskar Schindler gradually becomes concerned for his Jewish workforce after witnessing their persecution by the Nazis."
tt5074352,Dangal,2016,Former wrestler Mahavir Singh Phogat and his two wrestler daughters struggle towards glory at the Commonwealth Games in the face of societal oppression.
tt15398776,Oppenheimer,2023,The story of American scientist J. Robert Oppenheimer and his role in the development of the atomic bomb.
tt0167260,The Lord of the Rings: The Return of the King,2003,Gandalf and Aragorn lead the World of Men against Sauron's army to draw his gaze from Frodo and Sam as they approach Mount Doom with the One Ring.
tt9362722,Spider-man: Across the Spider-verse,2023,"Miles Morales catapults across the multiverse, where he encounters a team of Spider-People charged with protecting its very existence. When the heroes clash on how to handle a new threat, Miles must redefine what it means to be a hero."
tt0118799,Life Is Beautiful,1997,"When an open-minded Jewish waiter and his son become victims of the Holocaust, he uses a perfect mixture of will, humor and imagination to protect his son from the dangers around their camp."
tt8503618,Hamilton,2020,"The real life of one of America's foremost founding fathers and first Secretary of the Treasury, Alexander Hamilton. Captured live on Broadway from the Richard Rodgers Theater with the original Broadway cast."
tt1375666,Inception,2010,"A thief who steals corporate secrets through the use of dream-sharing technology is given the inverse task of planting an idea into the mind of a C.E.O., but his tragic past may doom the project and his team to disaster."
tt0118849,Bacheha-Ye Aseman,1997,"After a boy loses his sister's pair of shoes, he goes on a series of adventures in order to find them. When he can't, he tries a new way to ""win"" a new pair."
tt0120737,The Lord of the Rings: The Fellowship of the Ring,2001,A meek Hobbit from the Shire and eight companions set out on a journey to destroy the powerful One Ring and save Middle-earth from the Dark Lord Sauron.
tt10280296,Sardar Udham,2021,"A biopic detailing the 2 decades that Punjabi Sikh revolutionary, Udham Singh, spent planning the assassination of the man responsible for the Jallianwala Bagh massacre."
tt0245429,Spirited Away,2001,"During her family's move to the suburbs, a sullen 10-year-old girl wanders into a world ruled by gods, witches and spirits, a world where humans are changed into beasts."
tt0088763,Back to the Future,1985,"Marty McFly, a 17-year-old high school student, is accidentally sent 30 years into the past in a time-traveling DeLorean invented by his close friend, the maverick scientist Doc Brown."
tt0045152,Singin' in the Rain,1952,A silent film star falls for a chorus girl just as he and his delusionally jealous screen partner are trying to make the difficult transition to talking pictures in 1920s Hollywood.
tt2356180,Bhaag Milkha Bhaag,2013,"The truth behind the ascension of Milkha Singh, who was scarred by of the India-Pakistan partition."
tt0114369,Se7en,1995,"Two detectives, a rookie and a veteran, hunt a serial killer who uses the seven deadly sins as his motives."
tt0112573,Braveheart,1995,Scottish warrior William Wallace leads his countrymen in a rebellion to free his homeland from the tyranny of King Edward I of England.
tt1675434,Intouchables,2011,"After he becomes a quadriplegic from a paragliding accident, an aristocrat hires a young man from the projects to be his caregiver."
tt20850406,Sita Ramam,2022,"An orphan soldier, Lieutenant Ram's life changes, after he gets a letter from a girl named Sita. He meets her and love blossoms between them. When he comes back to his camp in Kashmir,After he gets caught in jail, he sends a letter to Sita which won't reach her."
tt0102926,The Silence of the Lambs,1991,"A young F.B.I. cadet must receive the help of an incarcerated and manipulative cannibal killer to help catch another serial killer, a madman who skins his victims."
tt1620933,Paan Singh Tomar,2012,"The story of Paan Singh Tomar, an Indian athlete and seven-time national steeplechase champion who becomes one of the most feared dacoits in Chambal Valley after his retirement."
tt0367110,"Swades: We, the People",2004,A successful Indian scientist returns to an Indian village to take his nanny to America with him and in the process rediscovers his roots.
tt0167261,The Lord of the Rings: The Two Towers,2002,"While Frodo and Sam edge closer to Mordor with the help of the shifty Gollum, the divided fellowship makes a stand against Sauron's new ally, Saruman, and his hordes of Isengard."
tt0034583,Casablanca,1942,A cynical expatriate American cafe owner struggles to decide whether or not to help his former lover and her fugitive husband escape the Nazis in French Morocco.
tt0027977,Modern Times,1936,The Tramp struggles to live in modern industrial society with the help of a young homeless woman.
tt4633694,Spider-Man: Into the Spider-Verse,2018,Teen Miles Morales becomes the Spider-Man of his universe and must join with five spider-powered individuals from other dimensions to stop a threat for all realities.
tt1562872,Zindagi Na Milegi Dobara,2011,Three friends decide to turn their fantasy vacation into reality after one of their friends gets engaged.
tt0133093,The Matrix,1999,"When a beautiful stranger leads computer hacker Neo to a forbidding underworld, he discovers the shocking truth--the life he knows is the elaborate deception of an evil cyber-intelligence."
tt6751668,Parasite,2019,Greed and class discrimination threaten the newly formed symbiotic relationship between the wealthy Park family and the destitute Kim clan.
tt1950186,Ford v. Ferrari,2019,American car designer Carroll Shelby and driver Ken Miles battle corporate interference and the laws of physics to build a revolutionary race car for Ford in order to defeat Ferrari at the 24 Hours of Le Mans in 1966.
tt6316138,Ayla: The Daughter of War,2017,"Sergeant Süleyman finds a little girl on a battlefield during the Korean War. He takes her and names her Ayla. Fifteen months later, Süleyman's brigade is told they will be returning to Turkey, and he is reluctant to leave her behind."
tt0095765,Cinema Paradiso,1988,A filmmaker recalls his childhood when falling in love with the pictures at the cinema of his home village and forms a deep friendship with the cinema's projectionist.
tt2380307,Coco,2017,"Aspiring musician Miguel, confronted with his family's ancestral ban on music, enters the Land of the Dead to find his great-great-grandfather, a legendary singer."
tt0021749,City Lights,1931,"With the aid of a wealthy erratic tippler, a dewy-eyed tramp who has fallen in love with a sightless flower girl accumulates money to be able to help her medically."
tt0075148,Rocky,1976,A small-time Philadelphia boxer gets a supremely rare chance to fight the world heavyweight champion in a bout in which he strives to go the distance for his self-respect.
tt0059742,The Sound of Music,1965,A young novice is sent by her convent in 1930s Austria to become a governess to the seven children of a widowed naval officer.
tt0080684,Star Wars: Episode V - The Empire Strikes Back,1980,"After the Rebels are overpowered by the Empire, Luke Skywalker begins his Jedi training with Yoda, while his friends are pursued across the galaxy by Darth Vader and bounty hunter Boba Fett."
tt0407887,The Departed,2006,An undercover cop and a mole in the police attempt to identify each other while infiltrating an Irish gang in South Boston.
tt0057115,The Great Escape,1963,Allied prisoners of war plan for several hundred of their number to escape from a German camp during World War II.
tt0910970,WALL·E,2008,"In the distant future, a small waste-collecting robot inadvertently embarks on a space journey that will ultimately decide the fate of mankind."
tt0110413,Léon,1994,"12-year-old Mathilda is reluctantly taken in by Léon, a professional assassin, after her family is murdered. An unusual relationship forms as she becomes his protégée and learns the assassin's trade."
tt0363163,Der Untergang,2004,"Traudl Junge, the final secretary for Adolf Hitler, tells of the Nazi dictator's final days in his Berlin bunker at the end of WWII."
tt0032138,The Wizard of Oz,1939,"Young Dorothy Gale and her dog Toto are swept away by a tornado from their Kansas farm to the magical Land of Oz, and embark on a quest with three new friends to see the Wizard, who can return her to her home and fulfill the others' wishes."
tt10189514,Soorarai Pottru,2020,"Nedumaaran Rajangam ""Maara"" sets out to make the common man fly and in the process takes on the world's most capital intensive industry and several enemies who stand in his way."
tt1979320,Rush,2013,The merciless 1970s rivalry between Formula One rivals James Hunt and Niki Lauda.
tt0114709,Toy Story,1995,A cowboy doll is profoundly threatened and jealous when a new spaceman action figure supplants him as top toy in a boy's bedroom.
tt1187043,3 Idiots,2009,"Two friends are searching for their long lost companion. They revisit their college days and recall the memories of their friend who inspired them to think differently, even as the rest of the world called them ""idiots""."
tt8291224,Uri: The Surgical Strike,2019,"Indian army special forces execute a covert operation, avenging the killing of fellow army men at their base by a terrorist group."
tt1291584,Warrior,2011,"The youngest son of an alcoholic former boxer returns home, where he's trained by his father for competition in a mixed martial arts tournament - a path that puts the fighter on a collision course with his estranged, older brother."
tt0073707,Sholay,1975,"After his family is murdered by a notorious and ruthless bandit, a former police officer enlists the services of two outlaws to capture the bandit."
tt1049413,Up,2009,"78-year-old Carl Fredricksen travels to Paradise Falls in his house equipped with balloons, inadvertently taking a young stowaway."
tt0482571,The Prestige,2006,"After a tragic accident, two stage magicians in 1890s London engage in a battle to create the ultimate illusion while sacrificing everything they have to outwit each other."
tt0057012,Dr. Strangelove or: How I Learned to Stop Worrying and Love the Bomb,1964,"An insane American general orders a bombing attack on the Soviet Union, triggering a path to nuclear holocaust that a war room full of politicians and generals frantically tries to stop."
tt7019842,96,2018,Two high school sweethearts meet at a reunion after 22 years and reminisce about their past.
tt2119532,Hacksaw Ridge,2016,"World War II American Army Medic Desmond T. Doss, serving during the Battle of Okinawa, refuses to kill people and becomes the first man in American history to receive the Medal of Honor without firing a shot."
tt0081398,Raging Bull,1980,"The life of boxer Jake LaMotta, whose violence and temper that led him to the top in the ring destroyed his life outside of it."
tt0435761,Toy Story 3,2010,"The toys are mistakenly delivered to a day-care center instead of the attic right before Andy leaves for college, and it's up to Woody to convince the other toys that they weren't abandoned and to return home."
tt0114814,The Usual Suspects,1995,The sole survivor of a pier shoot-out tells the story of how a notorious criminal influenced the events that began with five criminals meeting in a seemingly random police lineup.
tt0169102,Lagaan: Once Upon a Time in India,2001,The people of a small village in Victorian India stake their future on a game of cricket against their ruthless British rulers.
tt0076759,Star Wars: Episode IV - A New Hope,1977,"Luke Skywalker joins forces with a Jedi Knight, a cocky pilot, a Wookiee and two droids to save the galaxy from the Empire's world-destroying battle station, while also attempting to rescue Princess Leia from the mysterious Darth Vader."
tt0032553,The Great Dictator,1940,Dictator Adenoid Hynkel tries to expand his empire while a poor Jewish barber tries to avoid persecution from Hynkel's regime.
tt2024544,12 Years a Slave,2013,"In the antebellum United States, Solomon Northup, a free black man from upstate New York, is abducted and sold into slavery."
tt0405159,Million Dollar Baby,2004,"Frankie, an ill-tempered old coach, reluctantly agrees to train aspiring boxer Maggie. Impressed with her determination and talent, he helps her become the best and the two soon form a close bond."
tt5311514,Kimi No Na Wa.,2016,"Two teenagers share a profound, magical connection upon discovering they are swapping bodies. Things manage to become even more complicated when the boy and girl decide to meet in person."
tt0047396,Rear Window,1954,"A photographer in a wheelchair spies on his neighbors from his Greenwich Village courtyard apartment window, and becomes convinced one of them has committed murder, despite the skepticism of his fashion-model girlfriend."
tt0066763,Anand,1971,"The story of a terminally ill man who wishes to live life to the fullest before the inevitable occurs, as told by his best friend."
tt0986264,Taare Zameen Par,2007,"An eight-year-old boy is thought to be a lazy trouble-maker, until the new art teacher has the patience and compassion to discover the real problem behind his struggles in school."
tt0103064,Terminator 2: Judgment Day,1991,"A cyborg, identical to the one who failed to kill Sarah Connor, must now protect her ten year old son John from an even more advanced and powerful cyborg."
tt0119217,Good Will Hunting,1997,"Will Hunting, a janitor at M.I.T., has a gift for mathematics, but needs help from a psychologist to find direction in his life."
tt3783958,La La Land,2016,"While navigating their careers in Los Angeles, a pianist and an actress fall in love while attempting to reconcile their aspirations for the future."
tt0054215,Psycho,1960,"A Phoenix secretary embezzles $40,000 from her employer's client, goes on the run and checks into a remote motel run by a young man under the domination of his mother."
tt0395169,Hotel Rwanda,2004,"Paul Rusesabagina, a hotel manager, houses over a thousand Tutsi refugees during their struggle against the Hutu militia in Rwanda, Africa."
tt4729430,Klaus,2019,"A simple act of kindness always sparks another, even in a frozen, faraway place. When Smeerensburg's new postman, Jesper, befriends toymaker Klaus, their gifts melt an age-old feud and deliver a sleigh full of holiday traditions."
tt0047478,Shichinin No Samurai,1954,"Farmers from a village exploited by bandits hire a veteran samurai for protection, who gathers six other samurai to join him."
tt0338013,Eternal Sunshine of the Spotless Mind,2004,"When their relationship turns sour, a couple undergoes a medical procedure to have each other erased from their memories for ever."
tt0053604,The Apartment,1960,"A Manhattan insurance clerk tries to rise in his company by letting its executives use his apartment for trysts, but complications and a romance of his own ensue."
tt0871510,Chak De! India,2007,"Kabir Khan, the coach of the Indian Women's National Hockey Team, dreams of making his all-girls team emerge victorious against all odds."
tt0364569,Oldeuboi,2003,"After being kidnapped and imprisoned for fifteen years, Oh Dae-Su is released, only to find that he must find his captor in five days."
tt0101414,Beauty and the Beast,1991,A prince cursed to spend his days as a hideous monster sets out to regain his humanity by earning a young woman's love.
tt0074896,Mohammed Messenger of God,1976,This epic historical drama chronicles the life and times of Prophet Muhammad and serves as an introduction to early Islamic history.
tt0347149,Hauru No Ugoku Shiro,2004,"When an unconfident young woman is cursed with an old body by a spiteful witch, her only chance of breaking the spell lies with a self-indulgent yet insecure young wizard and his companions in his legged, walking castle."
tt0052357,Vertigo,1958,"A former San Francisco police detective juggles wrestling with his personal demons and becoming obsessed with the hauntingly beautiful woman he has been hired to trail, who may be deeply disturbed."
tt0056058,Seppuku,1962,"When a ronin requesting seppuku at a feudal lord's palace is told of the brutal suicide of another ronin who previously visited, he reveals how their pasts are intertwined - and in doing so challenges the clan's integrity."
tt0352248,Cinderella Man,2005,"The story of James J. Braddock, a supposedly washed-up boxer who came back to challenge for the heavyweight championship of the world."
tt0103639,Aladdin,1992,A kind-hearted street urchin and a power-hungry Grand Vizier vie for a magic lamp that has the power to make their deepest wishes come true.
tt7286456,Joker,2019,"During the 1980s, a failed stand-up comedian is driven insane and turns to a life of crime and chaos in Gotham City while becoming an infamous psychopathic crime figure."
tt0060107,Andrei Rublev,1966,"The life, times and afflictions of the fifteenth-century Russian iconographer St. Andrei Rublev."
tt0266543,Finding Nemo,2003,"After his son is captured in the Great Barrier Reef and taken to Sydney, a timid clownfish sets out on a journey to bring him home."
tt0211915,Le fabuleux destin d'Amélie Poulain,2001,"Despite being caught in her imaginative world, Amelie, a young waitress, decides to help people find happiness. Her quest to spread joy leads her on a journey where she finds true love."
tt0067093,Fiddler on the Roof,1971,"In pre-revolutionary Russia, a Jewish peasant with traditional values contends with marrying off three of his daughters with modern romantic ideals while growing anti-Semitic sentiment threatens his village."
tt1345836,The Dark Knight Rises,2012,"Eight years after the Joker's reign of chaos, Batman is coerced out of exile with the assistance of the mysterious Selina Kyle in order to defend Gotham City from the vicious guerrilla terrorist Bane."
tt0054997,The Hustler,1961,An up-and-coming pool player plays a long-time champion in a single high-stakes match.
tt0019254,La passion de Jeanne d'Arc,1928,"In 1431, Jeanne d'Arc is placed on trial on charges of heresy. The ecclesiastical jurists attempt to force Jeanne to recant her claims of holy visions."
tt0172495,Gladiator,2000,A former Roman General sets out to exact vengeance against the corrupt emperor who murdered his family and sent him into slavery.
tt0107688,The Nightmare Before Christmas,1993,"Jack Skellington, king of Halloween Town, discovers Christmas Town, but his attempts to bring Christmas to his home causes confusion."
tt4169250,M.S. Dhoni: The Untold Stor,2016,The untold story of Mahendra Singh Dhoni's journey from ticket collector to trophy collector - the world-cup-winning captain of the Indian Cricket Team.
tt0053946,Inherit the Wind,1960,"Based on a real-life case in 1925, two great lawyers argue the case for and against a Tennessee science teacher accused of the crime of teaching evolution."
tt0090605,Alien 2,1986,"Decades after surviving the Nostromo incident, Ellen Ripley is sent out to re-establish contact with a terraforming colony but finds herself battling the Alien Queen and her offspring."
tt0012349,The Kid,1921,"The Tramp cares for an abandoned child, but events put their relationship in jeopardy."
tt0080455,The Blues Brothers,1980,"Jake Blues rejoins with his brother Elwood after being released from prison, but the duo has just days to reunite their old R&B band and save the Catholic home where the two were raised, outrunning the police as they tear through Chicago."
tt0209144,Memento,2000,A man with short-term memory loss attempts to track down his wife's murderer.
tt9052870,Chhichhore,2019,"A tragic incident forces Anirudh, a middle-aged man, to take a trip down memory lane and reminisce his college days along with his friends, who were labelled as losers."
tt1504320,The King's Speech,2010,"The story of King George VI, his unexpected ascension to the throne of the British Empire in 1936, and the speech therapist who helped the unsure monarch overcome his stammer."
tt1125849,The Wrestler,2008,"A faded professional wrestler must retire, but finds his quest for a new life outside the ring a dispiriting struggle."
tt0070735,The Sting,1973,Two grifters team up to pull off the ultimate con.
tt0476735,My Father and My Son,2005,The family of a left-wing journalist is torn apart after the military coup of Turkey in 1980.
tt23289160,Godzilla Minus One,2023,"Post war Japan is at its lowest point when a new crisis emerges in the form of a giant monster, baptized in the horrific power of the atomic bomb."
tt0168629,Dancer in the Dark,2000,An Eastern European US immigrant with a love for musicals has to cope with the gradual loss of her vision.
tt0091251,Idi I Smotri,1985,"After finding an old rifle, a young boy joins the Soviet resistance movement against ruthless German forces and experiences the horrors of World War II."
tt0031381,Gone with the Wind,1939,A sheltered and manipulative Southern belle and a roguish profiteer face off in a turbulent romance as the society around them crumbles with the end of slavery and is rebuilt during the Civil War and Reconstruction periods.
tt0102138,JFK,1991,New Orleans District Attorney Jim Garrison discovers there's more to the Kennedy assassination than the official story.
tt0210945,Remember the Titans,2000,The true story of a newly appointed African-American coach and his high school team on their first season as a racially integrated unit.
tt0347304,Kal Ho Naa Ho,2003,"Naina, an introverted, perpetually depressed girl's life changes when she meets Aman. But Aman has a secret of his own which changes their lives forever. Embroiled in all this is Rohit, Naina's best friend who conceals his love for her."
tt0082971,Raiders of the Lost Ark,1981,"In 1936, archaeologist and adventurer Indiana Jones is hired by the U.S. government to find the Ark of the Covenant before the Nazis can obtain its awesome powers."
tt0051201,Witness for the Prosecution,1957,A veteran British barrister must defend his client in a murder trial that has surprise after surprise.
tt0083987,Gandhi,1982,The life of the lawyer who became the famed leader of the Indian revolts against the British rule through his philosophy of nonviolent protest.
tt0053291,Some Like It Hot,1959,"After two male musicians witness a mob hit, they flee the state in an all-female band disguised as women, but further complications set in."
tt0964517,The Fighter,2010,"Based on the story of Micky Ward, a fledgling boxer who tries to escape the shadow of his more famous but troubled older boxing brother and get his own shot at greatness."
tt0104940,The Muppet Christmas Carol,1992,The Muppets present their own touching rendition of Charles Dickens' classic tale.
tt1305806,El Secreto De Sus Ojos,2009,A retired legal counselor writes a novel hoping to find closure for one of his past unresolved homicide cases and for his unreciprocated love with his superior - both of which still haunt him decades later.
tt0808417,Persepolis,2007,A precocious and outspoken Iranian girl grows up during the Islamic Revolution.
tt0405094,Das Leben der Anderen,2006,"In 1984 East Berlin, an agent of the secret police, conducting surveillance on a writer and his lover, finds himself becoming increasingly absorbed by their lives."
tt0993846,The Wolf of Wall Street,2013,"Based on the true story of Jordan Belfort, from his rise to a wealthy stock-broker living the high life to his fall involving crime, corruption and the federal government."
tt1201607,Harry Potter and the Deathly Hallows: Part 2,2011,"Harry, Ron, and Hermione search for Voldemort's remaining Horcruxes in their effort to destroy the Dark Lord as the final battle rages on at Hogwarts."
tt0067992,Willy Wonka & the Chocolate Factory,1971,A poor but hopeful boy seeks one of the five coveted golden tickets that will send him on a tour of Willy Wonka's mysterious chocolate factory.
tt0108037,The Sandlot,1993,"In the summer of 1962, a new kid in town is taken under the wing of a young baseball prodigy and his rowdy team, resulting in many adventures."
tt4154796,Avengers: Endgame,2019,"After the devastating events of Avengers: Infinity War (2018), the universe is in ruins. With the help of remaining allies, the Avengers assemble once more in order to reverse Thanos' actions and restore balance to the universe."
tt0057565,Tengoku to Jigoku,1963,An executive of a Yokohama shoe company becomes a victim of extortion when his chauffeur's son is kidnapped by mistake and held for ransom.
tt0078748,Alien,1979,The crew of a commercial spacecraft encounters a deadly lifeform after investigating an unknown transmission.
tt0068646,The Godfather,1972,"Don Vito Corleone, head of a mafia family, decides to hand over his empire to his youngest son Michael. However, his decision unintentionally puts the lives of his loved ones in grave danger."
tt0412080,The World's Fastest Indian,2005,"The story of New Zealander Burt Munro, who spent years rebuilding a 1920 Indian motorcycle, which helped him set the land speed world record at Utah's Bonneville Salt Flats in 1967."
tt15097216,Jai Bhim,2021,"When a tribal man is arrested for a case of alleged theft, his wife turns to a human-rights lawyer to help bring justice."
tt0120815,Saving Private Ryan,1998,"Following the Normandy Landings, a group of U.S. soldiers go behind enemy lines to retrieve a paratrooper whose brothers have been killed in action."
tt0816692,Interstellar,2014,"When Earth becomes uninhabitable in the future, a farmer and ex-NASA pilot, Joseph Cooper, is tasked to pilot a spacecraft, along with a team of researchers, to find a new planet for humans."
tt0120689,The Green Mile,1999,"A tale set on death row in a Southern jail, where gentle giant John possesses the mysterious power to heal people's ailments. When the lead guard, Paul, recognizes John's gift, he tries to help stave off the condemned man's execution."
tt0071562,The Godfather: Part II,1974,"The early life and career of Vito Corleone in 1920s New York City is portrayed, while his son, Michael, expands and tightens his grip on the family crime syndicate."
tt0081505,The Shining,1980,"A family heads to an isolated hotel for the winter where a sinister presence influences the father into violence, while his psychic son sees horrific forebodings from both past and future."
tt0050083,12 Angry Men,1957,The jury in a New York City murder trial is frustrated by a single member whose skeptical caution forces them to more carefully consider the evidence before jumping to a hasty verdict.
tt0084787,The Thing,1982,A research team in Antarctica is hunted by a shape-shifting alien that assumes the appearance of its victims.
tt0110912,Pulp Fiction,1994,"The lives of two mob hitmen, a boxer, a gangster and his wife, and a pair of diner bandits intertwine in four tales of violence and redemption."
tt0253474,The Pianist,2002,"During the WWII, acclaimed Polish musician Wladyslaw faces various struggles as he loses contact with his family. As the situation worsens, he hides in the ruins of Warsaw in order to survive."
tt0060196,"Il Buono, Il Brutto, Il Cattivo",1966,A bounty hunting scam joins two men in an uneasy alliance against a third in a race to find a fortune in gold buried in a remote cemetery.
tt0099685,GoodFellas,1990,"The story of Henry Hill and his life in the mafia, covering his relationship with his wife Karen and his mob partners Jimmy Conway and Tommy DeVito."
tt0095327,Grave of the Fireflies,1988,A young boy and his little sister struggle to survive in Japan during World War II.
tt8239946,Tumbbad,2018,A mythological story about a goddess who created the entire universe. The plot revolves around the consequences when humans build a temple for her first-born.
tt0361748,Inglourious Basterds,2009,"In Nazi-occupied France during World War II, a plan to assassinate Nazi leaders by a group of Jewish U.S. soldiers coincides with a theatre owner's vengeful plans for the same."
tt0070047,The Exorcist,1973,"When a young girl is possessed by a mysterious entity, her mother seeks the help of two Catholic priests to save her life."
tt0078788,Apocalypse Now,1979,A U.S. Army officer serving in Vietnam is tasked with assassinating a renegade Special Forces Colonel who sees himself as a god.
tt0046911,Les diaboliques,1955,The wife and mistress of a loathed school principal plan to murder him with what they believe is the perfect alibi.
tt0063522,Rosemary's Baby,1968,"A young couple trying for a baby moves into an aging, ornate apartment building on Central Park West, where they find themselves surrounded by peculiar neighbors."
tt0056687,What Ever Happened to Baby Jane?,1962,A former child star torments her paraplegic sister in their decaying Hollywood mansion.
tt0082096,Das Boot,1981,A German U-boat stalks the frigid waters of the North Atlantic as its young crew experience the sheer terror and claustrophobic life of a submariner in World War II.
tt0010323,Das Cabinet des Dr. Caligari,1920,"Hypnotist Dr. Caligari uses a somnambulist, Cesare, to commit murders."
tt0317248,City of God,2002,"In the slums of Rio, two kids' paths diverge as one struggles to become a photographer and the other a kingpin."
tt0050825,Paths of Glory,1957,"After refusing to attack an enemy position, a general accuses the soldiers of cowardice and their commanding officer must defend them."
tt0365748,Shaun of the Dead,2004,"The uneventful, aimless lives of a London electronics salesman and his layabout roommate are disrupted by the zombie apocalypse."
tt0013442,Nosferatu,1922,Vampire Count Orlok expresses interest in a new residence and real estate agent Hutter's wife.
tt0024216,King Kong,1933,"A film crew goes to a tropical island for a location shoot, where they capture a colossal ape who takes a shine to their blonde starlet, and bring him back to New York City."
tt0119698,Mononoke-hime,1997,"On a journey to find the cure for a Tatarigami's curse, Ashitaka finds himself in the middle of a war between the forest gods and Tatara, a mining colony. In this quest he also meets San, the Mononoke Hime."
tt5052448,Get Out,2017,"A young African-American visits his white girlfriend's parents for the weekend, where his simmering uneasiness about their reception of him eventually reaches a boiling point."
tt1255953,Incendies,2010,Twins journey to the Middle East to discover their family history and fulfill their mother's last wishes.
tt0086190,Star Wars: Episode VI - Return of the Jedi,1983,"After rescuing Han Solo from Jabba the Hutt, the Rebels attempt to destroy the second Death Star, while Luke struggles to help Darth Vader back from the dark side."
tt0120586,American History X,1998,"Living a life marked by violence, neo-Nazi Derek finally goes to prison after killing two black youths. Upon his release, Derek vows to change; he hopes to prevent his brother, Danny, who idolizes Derek, from following in his footsteps."
tt4154756,Avengers: Infinity War,2018,The Avengers and their allies must be willing to sacrifice all in an attempt to defeat the powerful Thanos before his blitz of devastation and ruin puts an end to the universe.
tt0093058,Full Metal Jacket,1987,A pragmatic U.S. Marine observes the dehumanizing effects the Vietnam War has on his fellow recruits from their brutal boot camp training to the bloody street fighting in Hue.
tt0093773,Predator,1987,A team of commandos on a mission in a Central American jungle find themselves hunted by an extraterrestrial warrior.
tt0056172,Lawrence of Arabia,1962,"The story of T.E. Lawrence, the English officer who successfully united and led the diverse, often warring, Arab tribes during World War I in order to fight the Turks."
tt1139797,Låt den rätte komma in,2008,"Oskar, an overlooked and bullied boy, finds love and revenge through Eli, a beautiful but peculiar girl."
tt0055031,Judgment at Nuremberg,1961,"In 1948, an American court in occupied Germany tries four Nazis judged for war crimes."
tt0077402,Dawn of the Dead,1978,"During an escalating zombie epidemic, two Philadelphia SWAT team members, a traffic reporter and his TV executive girlfriend seek refuge in a secluded shopping mall."
tt10872600,Spider-Man: No Way Home,2021,"With Spider-Man's identity now revealed, Peter asks Doctor Strange for help. When a spell goes wrong, dangerous foes from other worlds start to appear, forcing Peter to discover what it truly means to be Spider-Man."
tt0066921,A Clockwork Orange,1971,"In the future, a sadistic gang leader is imprisoned and volunteers for a conduct-aversion experiment, but it doesn't go as planned."
tt10295212,Shershaah,2021,"Shershaah is the story of PVC awardee Indian soldier Capt. Vikram Batra, whose bravery and unflinching courage in chasing the Pakistani soldiers out of Indian territory contributed immensely in India finally winning the Kargil War in 1999."
tt0062622,2001: A Space Odyssey,1968,"After uncovering a mysterious artifact buried beneath the Lunar surface, a spacecraft is sent to Jupiter to find its origins: a spacecraft manned by two men and the supercomputer HAL 9000."
tt0022913,Freaks,1932,"A circus' beautiful trapeze artist agrees to marry the leader of side-show performers, but his deformed friends discover she is only marrying him for his inheritance."
tt9900782,Kaithi,2019,"Dilli, an ex-convict, endeavours to meet his daughter for the first time after leaving prison. However, his attempts are interrupted due to a drug raid planned by Inspector Bejoy."
tt0457430,El Laberinto Del Fauno,2006,"In the Falangist Spain of 1944, the bookish young stepdaughter of a sadistic army officer escapes into an eerie but captivating fantasy world."
tt0053125,North by Northwest,1959,"A New York City advertising executive goes on the run after being mistaken for a government agent by a group of foreign spies, and falls for a woman whose loyalties he begins to doubt."
tt0063350,Night of the Living Dead,1968,A ragtag group of Pennsylvanians barricade themselves in an old farmhouse to remain safe from a horde of flesh-eating ghouls that are ravaging the Northeast of the United States.
tt0043014,Sunset Blvd.,1950,A screenwriter develops a dangerous relationship with a faded film star determined to make a triumphant return.
tt2582802,Whiplash,2014,A promising young drummer enrolls at a cut-throat music conservatory where his dreams of greatness are mentored by an instructor who will stop at nothing to realize a student's potential.
tt0111161,The Shawshank Redemption,1994,"Over the course of several years, two convicts form a friendship, seeking consolation and, eventually, redemption through basic compassion."
tt0036775,Double Indemnity,1944,"A Los Angeles insurance representative lets an alluring housewife seduce him into a scheme of insurance fraud and murder that arouses the suspicion of his colleague, an insurance investigator."
tt23849204,12th Fail,2023,The real-life story of IPS Officer Manoj Kumar Sharma and IRS Officer Shraddha Joshi.
tt1853728,Django Unchained,2012,"With the help of a German bounty-hunter, a freed slave sets out to rescue his wife from a brutal plantation owner in Mississippi."
tt0041959,The Third Man,1949,"Pulp novelist Holly Martins travels to shadowy, postwar Vienna, only to find himself investigating the mysterious death of an old friend, Harry Lime."
tt0086879,Amadeus,1984,"The life, success and troubles of Wolfgang Amadeus Mozart, as told by Antonio Salieri, the contemporaneous composer who was deeply jealous of Mozart's talent and claimed to have murdered him."
tt0064116,C'era Una Volta Il West,1968,A mysterious stranger with a harmonica joins forces with a notorious desperado to protect a beautiful widow from a ruthless assassin working for the railroad.
tt0032976,Rebecca,1940,A self-conscious woman juggles adjusting to her new role as an aristocrat's wife and avoiding being intimidated by his first wife's spectral presence.
tt0043338,Ace in the Hole,1951,"A frustrated former big-city journalist now stuck working for an Albuquerque newspaper exploits a story about a man trapped in a cave to rekindle his career, but the situation quickly escalates into an out-of-control circus."
tt0105695,Unforgiven,1992,"Retired Old West gunslinger William Munny reluctantly takes on one last job, with the help of his old partner Ned Logan and a young man, The ""Schofield Kid."""
tt6966692,Green Book,2018,A working-class Italian-American bouncer becomes the driver for an African-American classical pianist on a tour of venues through the 1960s American South.
tt0059578,Per qualche dollaro in più,1965,Two bounty hunters with the same intentions team up to track down an escaped Mexican outlaw.
tt0042041,White Heat,1949,A psychopathic criminal with a mother complex makes a daring break from prison and leads his old gang in a chemical plant payroll heist.
tt0033870,The Maltese Falcon,1941,"San Francisco private detective Sam Spade takes on a case that involves him with three eccentric criminals, a gorgeous liar and their quest for a priceless statuette, with the stakes rising after his partner is murdered."
tt0040897,The Treasure of the Sierra Madre,1948,Two down-on-their-luck Americans searching for work in 1920s Mexico convince an old prospector to help them mine for gold in the Sierra Madre Mountains.
tt0040725,The Red Shoes,1948,A young ballet dancer is torn between the man she loves and her pursuit to become a prima ballerina.
tt0056217,The Man Who Shot Liberty Valance,1962,A senator returns to a Western town for the funeral of an old friend and tells the story of his origins.
tt0048424,The Night of the Hunter,1955,"A self-proclaimed preacher marries a gullible widow whose young children are reluctant to tell him where their real dad hid the $10,000 he'd stolen in a robbery."
tt0106332,Ba wang bie ji,1992,Two boys meet at an opera training school in Peking in 1924. Their resulting friendship will span nearly 70 years and endure some of the most troublesome times in China's history.
tt0052311,Touch of Evil,1958,"A stark, perverse story of murder, kidnapping and police corruption in a Mexican border town."
tt0015864,The Gold Rush,1925,"A prospector goes to the Klondike during the 1890s gold rush in hopes of making his fortune, and is smitten with a girl he sees in a dance hall."
tt0039689,Build My Gallows High,1947,"A private eye escapes his past to run a gas station in a small town, but his past catches up with him. Now he must return to the big city world of danger, corruption, double crosses, and duplicitous dames."
tt0077711,Höstsonaten,1978,"A devoted wife is visited by her mother, a successful concert pianist who had little time for her when she was young."
tt1663202,The Revenant,2015,A frontiersman on a fur trading expedition in the 1820s fights for survival after being mauled by a bear and left for dead by members of his own hunting team.
tt0051036,Sweet Smell of Success,1957,Powerful but unethical Broadway columnist J.J. Hunsecker coerces unscrupulous press agent Sidney Falco into breaking up his sister's romance with a jazz musician.
tt0099348,Dances with Wolves,1990,"Lieutenant John Dunbar, assigned to a remote western Civil War outpost, finds himself engaging with a neighbouring Sioux settlement, causing him to question his own purpose."
tt0038355,The Big Sleep,1946,"Private detective Philip Marlowe is hired by a wealthy family. Before the complex case is over, he's seen murder, blackmail and what might be love."
tt10366460,CODA,2021,"As a CODA (Child of Deaf Adults) Ruby is the only hearing person in her deaf family. When the family's fishing business is threatened, Ruby finds herself torn between pursuing her passion at Berklee College of Music and her fear of abandoning her parents."
tt0137523,Fight Club,1999,An insomniac office worker and a devil-may-care soap maker form an underground fight club that evolves into much more.
tt0053221,Rio Bravo,1959,"A small-town sheriff in the American West enlists the help of a disabled man, a drunk, and a young gunfighter in his efforts to hold in jail the brother of the local bad guy."
tt0044079,Strangers on a Train,1951,A psychopathic man tries to forcibly persuade a tennis star to agree to his theory that two strangers can get away with murder by submitting to his plan to kill the other's most-hated person.
tt2948372,Soul,2020,"After landing the gig of a lifetime, a New York jazz pianist suddenly finds himself trapped in a strange land between Earth and the afterlife."
tt0038787,Notorious,1946,The daughter of a convicted Nazi spy is asked by American agents to gather information on a ring of Nazi scientists in South America. How far will she have to go to ingratiate herself with them?
tt0064115,Butch Cassidy and the Sundance Kid,1969,"In 1890s Wyoming, Butch Cassidy and The Sundance Kid lead a band of outlaws. When a train robbery goes wrong, they find themselves on the run with a posse hard on their heels. After considering their options, they escape to South America."
tt0084503,Pink Floyd: The Wall,1982,A confined but troubled rock star descends into madness in the midst of his physical and social isolation from everyone.
tt0044706,High Noon,1952,"A town Marshal, despite the disagreements of his newlywed bride and the townspeople around him, must face a gang of deadly killers alone at ""high noon"" when the gang leader, an outlaw he ""sent up"" years ago, arrives on the noon train."
tt0049406,The Killing,1956,Crook Johnny Clay assembles a five-man team to plan and execute a daring racetrack robbery.
tt0120731,La Leggenda Del Pianista Sull'oceano,1998,"A baby boy discovered on an ocean liner in 1900 grows into a musical prodigy, never setting foot on land."
tt11032374,Demon Slayer: Mugen Train,2020,"After his family was brutally murdered and his sister turned into a demon, Tanjiro Kamado's journey as a demon slayer began. Tanjiro and his comrades embark on a new mission aboard the Mugen Train, on track to despair."
tt0037008,Laura,1944,A police detective falls in love with the woman whose murder he is investigating.
tt0058461,A Fistful of Dollars,1964,"A wandering gunfighter plays two rival families against each other in a town torn apart by greed, pride, and revenge."
tt0181875,Almost Famous,2000,A high-school boy in the early 1970s is given the chance to write a story for Rolling Stone magazine about an up-and-coming rock band as he accompanies them on their concert tour.
tt2096673,Inside Out,2015,"After young Riley is uprooted from her Midwest life and moved to San Francisco, her emotions - Joy, Fear, Anger, Disgust and Sadness - conflict on how best to navigate a new city, house, and school."
tt0042593,In a Lonely Place,1950,"A potentially violent screenwriter is a murder suspect until his lovely neighbor clears him. However, she soon starts to have her doubts."
tt0065214,The Wild Bunch,1969,"An aging group of outlaws look for one last big score as the ""traditional"" American West is disappearing around them."
tt0382932,Ratatouille,2007,A rat who can cook makes an unusual alliance with a young kitchen worker at a famous Paris restaurant.
tt1727824,Bohemian Rhapsody,2018,"The story of the legendary British rock band Queen and lead singer Freddie Mercury, leading up to their famous performance at Live Aid (1985)."
tt0073486,One Flew Over the Cuckoo's Nest,1975,"In the Fall of 1963, a Korean War veteran and criminal pleads insanity and is admitted to a mental institution, where he rallies up the scared patients against the tyrannical nurse."
tt0037913,Mildred Pierce,1945,A hard-working mother inches towards disaster as she divorces her husband and starts a successful restaurant business to support her spoiled daughter.
tt0892769,How to Train Your Dragon,2010,"A hapless young Viking who aspires to hunt dragons becomes the unlikely friend of a young dragon himself, and learns there may be more to the creatures than he assumed."
tt5537002,Killers of the Flower Moon,2023,"When oil is discovered in 1920s Oklahoma under Osage Nation land, the Osage people are murdered one by one - until the FBI steps in to unravel the mystery."
tt0045555,The Big Heat,1953,Tough cop Dave Bannion takes on a politically powerful crime syndicate.
tt0198781,"Monsters, Inc.",2001,"In order to power the city, monsters have to scare children so that they scream. However, the children are toxic to the monsters, and after a child gets through, two monsters realize things may not be what they think."
tt0088258,Spinal Tap,1984,"Spinal Tap, one of England's loudest bands, is chronicled by film director Marty DiBergi on what proves to be a fateful tour."
tt9263550,Rocketry: The Nambi Effect,2022,"The story of Indian Space Research Organization scientist Nambi Narayanan, who was framed for being a spy and arrested in 1994."
tt0108358,Tombstone,1993,"A successful lawman's plans to retire anonymously in Tombstone, Arizona are disrupted by the kind of outlaws he was famous for eliminating."
tt0037884,The Lost Weekend,1945,The desperate life of a chronic alcoholic is followed through a four-day drinking bout.
tt3544112,Sing Street,2016,A boy growing up in Dublin during the 1980s escapes his strained family life by starting a band to impress the mysterious girl he likes.
tt3460252,The Hateful Eight,2015,"In the dead of a Wyoming winter, a bounty hunter and his prisoner find shelter in a cabin currently inhabited by a collection of nefarious characters."
tt0075029,The Outlaw: Josey Wales,1976,Missouri farmer Josey Wales joins a Confederate guerrilla unit and winds up on the run from the Union soldiers who murdered his family.
tt0108394,Trois Couleurs: Bleu,1993,A woman struggles to find a way to live her life after the death of her husband and child.
tt0268978,A Beautiful Mind,2001,"After John Nash, a brilliant but asocial mathematician, accepts secret work in cryptography, his life takes a turn for the nightmarish."
tt0080678,The Elephant Man,1980,"A Victorian surgeon rescues a heavily disfigured man who is mistreated while scraping a living as a side-show freak. Behind his monstrous façade, there is revealed a person of kindness, intelligence and sophistication."
